FECHA_ACTUALIZACION,ID_REGISTRO,ORIGEN,SECTOR,ENTIDAD_UM,SEXO,ENTIDAD_NAC,ENTIDAD_RES,MUNICIPIO_RES,TIPO_PACIENTE,FECHA_INGRESO,FECHA_SINTOMAS,FECHA_DEF,INTUBADO,NEUMONIA,EDAD,NACIONALIDAD,EMBARAZO,HABLA_LENGUA_INDIG,INDIGENA,DIABETES,EPOC,ASMA,INMUSUPR,HIPERTENSION,OTRA_COM,CARDIOVASCULAR,OBESIDAD,RENAL_CRONICA,TABAQUISMO,OTRO_CASO,TOMA_MUESTRA,RESULTADO_LAB,CLASIFICACION_FINAL,MIGRANTE,PAIS_NACIONALIDAD,PAIS_ORIGEN,UCI
2020-11-11,0cceba,2,12,10,1,10,10,19,2,2020-05-05,2020-04-27,9999-99-99,2,1,63,1,2,2,2,2,2,2,2,1,2,2,1,2,2,2,1,1,3,99,México,97,2
2020-11-11,1bdfda,1,4,10,1,10,10,19,2,2020-08-18,2020-08-15,9999-99-99,2,2,80,1,2,2,2,2,1,2,2,1,2,2,2,2,2,2,1,1,3,99,México,97,2
2020-11-11,030e33,2,12,10,1,10,10,19,2,2020-08-19,2020-08-11,9999-99-99,2,1,76,1,2,2,2,2,1,2,2,1,2,2,2,2,1,2,1,2,7,99,México,97,2
2020-11-11,2ce613,1,6,10,2,10,10,19,1,2020-10-16,2020-10-11,9999-99-99,97,2,33,1,97,99,99,2,2,2,2,2,2,2,1,2,1,99,1,1,3,99,México,97,97
2020-11-11,466e0e,2,12,10,2,10,10,19,1,2020-10-22,2020-10-21,9999-99-99,97,2,60,1,97,2,2,2,2,2,2,2,2,2,1,2,2,99,1,1,3,99,México,97,97
2020-11-11,36cb30,2,12,10,2,10,10,19,1,2020-10-21,2020-10-14,9999-99-99,97,2,33,1,97,99,99,2,2,2,2,2,2,2,1,2,1,99,1,4,6,99,México,97,97
