FECHA_ACTUALIZACION,ID_REGISTRO,ORIGEN,SECTOR,ENTIDAD_UM,SEXO,ENTIDAD_NAC,ENTIDAD_RES,MUNICIPIO_RES,TIPO_PACIENTE,FECHA_INGRESO,FECHA_SINTOMAS,FECHA_DEF,INTUBADO,NEUMONIA,EDAD,NACIONALIDAD,EMBARAZO,HABLA_LENGUA_INDIG,INDIGENA,DIABETES,EPOC,ASMA,INMUSUPR,HIPERTENSION,OTRA_COM,CARDIOVASCULAR,OBESIDAD,RENAL_CRONICA,TABAQUISMO,OTRO_CASO,TOMA_MUESTRA,RESULTADO_LAB,CLASIFICACION_FINAL,MIGRANTE,PAIS_NACIONALIDAD,PAIS_ORIGEN,UCI
2020-11-11,14ff0a,2,12,10,1,10,10,3,2,2020-06-15,2020-06-15,9999-99-99,2,2,24,1,2,99,99,2,2,2,2,2,2,2,1,2,2,1,1,1,3,99,México,97,2
2020-11-11,016f47,2,12,10,2,10,10,3,2,2020-06-09,2020-06-04,9999-99-99,2,1,86,1,97,2,2,2,2,2,2,1,2,2,2,2,1,2,1,2,7,99,México,97,2
2020-11-11,004a68,2,12,10,2,10,10,3,1,2020-08-26,2020-08-26,9999-99-99,97,2,36,1,97,2,2,2,2,2,2,2,2,2,2,2,2,1,1,2,7,99,México,97,97
2020-11-11,1c6c45,2,12,10,1,10,10,3,1,2020-08-26,2020-08-26,9999-99-99,97,2,26,1,1,2,2,2,2,2,2,2,2,2,2,2,2,1,1,2,7,99,México,97,97
2020-11-11,2a4232,2,12,10,2,10,10,3,2,2020-11-10,2020-11-10,9999-99-99,2,1,48,1,97,2,2,2,1,2,2,2,1,2,2,2,1,99,1,3,6,99,México,97,2
