FECHA_ACTUALIZACION,ID_REGISTRO,ORIGEN,SECTOR,ENTIDAD_UM,SEXO,ENTIDAD_NAC,ENTIDAD_RES,MUNICIPIO_RES,TIPO_PACIENTE,FECHA_INGRESO,FECHA_SINTOMAS,FECHA_DEF,INTUBADO,NEUMONIA,EDAD,NACIONALIDAD,EMBARAZO,HABLA_LENGUA_INDIG,INDIGENA,DIABETES,EPOC,ASMA,INMUSUPR,HIPERTENSION,OTRA_COM,CARDIOVASCULAR,OBESIDAD,RENAL_CRONICA,TABAQUISMO,OTRO_CASO,TOMA_MUESTRA,RESULTADO_LAB,CLASIFICACION_FINAL,MIGRANTE,PAIS_NACIONALIDAD,PAIS_ORIGEN,UCI
2020-11-11,015476,2,12,12,2,12,12,78,1,2020-05-26,2020-05-22,9999-99-99,97,2,43,1,97,1,1,2,2,2,2,2,2,2,2,2,2,1,1,1,3,99,México,97,97
2020-11-11,0de7c1,2,12,12,1,12,12,78,1,2020-05-15,2020-05-13,9999-99-99,97,2,52,1,2,1,1,2,2,2,2,2,2,2,1,2,2,1,1,2,7,99,México,97,97
2020-11-11,017d22,2,12,12,1,12,12,78,2,2020-08-27,2020-08-25,9999-99-99,2,1,29,1,2,1,1,2,2,2,2,2,2,2,2,2,2,2,1,1,3,99,México,97,2
2020-11-11,40417d,2,12,12,2,24,12,78,2,2020-09-17,2020-09-04,9999-99-99,2,2,3,1,97,1,1,2,2,2,2,2,2,2,2,2,2,2,1,2,7,99,México,97,2
2020-11-11,460d43,2,12,12,2,12,12,78,1,2020-10-22,2020-10-17,9999-99-99,97,2,53,1,97,1,1,2,2,2,2,2,2,2,1,2,2,2,1,1,3,99,México,97,97
2020-11-11,39a35e,2,12,12,2,12,12,78,2,2020-10-10,2020-10-07,2020-10-14,2,1,65,1,97,1,1,2,2,2,2,2,2,2,2,2,2,2,1,2,7,99,México,97,2
2020-11-11,2a6b6a,2,12,12,2,12,12,78,1,2020-10-27,2020-10-23,9999-99-99,97,2,64,1,97,2,2,2,2,2,2,2,2,2,2,2,2,1,1,2,7,99,México,97,97
