FECHA_ACTUALIZACION,ID_REGISTRO,ORIGEN,SECTOR,ENTIDAD_UM,SEXO,ENTIDAD_NAC,ENTIDAD_RES,MUNICIPIO_RES,TIPO_PACIENTE,FECHA_INGRESO,FECHA_SINTOMAS,FECHA_DEF,INTUBADO,NEUMONIA,EDAD,NACIONALIDAD,EMBARAZO,HABLA_LENGUA_INDIG,INDIGENA,DIABETES,EPOC,ASMA,INMUSUPR,HIPERTENSION,OTRA_COM,CARDIOVASCULAR,OBESIDAD,RENAL_CRONICA,TABAQUISMO,OTRO_CASO,TOMA_MUESTRA,RESULTADO_LAB,CLASIFICACION_FINAL,MIGRANTE,PAIS_NACIONALIDAD,PAIS_ORIGEN,UCI
2020-11-11,06d3a6,2,12,20,1,20,20,387,2,2020-06-25,2020-06-24,2020-06-26,2,1,43,1,2,2,2,2,2,2,2,2,2,2,2,1,2,2,1,1,3,99,México,97,2
2020-11-11,39d823,2,12,20,2,20,20,387,1,2020-09-15,2020-09-10,9999-99-99,97,2,26,1,97,2,2,2,2,2,2,2,2,2,2,2,2,1,1,1,3,99,México,97,97
2020-11-11,13f6d1,2,12,20,1,20,20,387,2,2020-08-11,2020-08-11,9999-99-99,2,2,13,1,2,2,2,2,2,2,1,2,2,2,2,2,2,2,1,2,7,99,México,97,2
2020-11-11,2d91a6,1,12,20,2,20,20,387,2,2020-09-23,2020-09-22,9999-99-99,2,2,58,1,97,2,2,1,2,2,2,1,2,2,2,2,1,2,1,2,7,99,México,97,2
2020-11-11,328e4b,2,11,20,2,20,20,387,2,2020-10-15,2020-10-12,9999-99-99,2,2,35,1,97,2,2,2,2,2,2,2,2,2,2,2,2,2,1,1,3,99,México,97,2
