FECHA_ACTUALIZACION,ID_REGISTRO,ORIGEN,SECTOR,ENTIDAD_UM,SEXO,ENTIDAD_NAC,ENTIDAD_RES,MUNICIPIO_RES,TIPO_PACIENTE,FECHA_INGRESO,FECHA_SINTOMAS,FECHA_DEF,INTUBADO,NEUMONIA,EDAD,NACIONALIDAD,EMBARAZO,HABLA_LENGUA_INDIG,INDIGENA,DIABETES,EPOC,ASMA,INMUSUPR,HIPERTENSION,OTRA_COM,CARDIOVASCULAR,OBESIDAD,RENAL_CRONICA,TABAQUISMO,OTRO_CASO,TOMA_MUESTRA,RESULTADO_LAB,CLASIFICACION_FINAL,MIGRANTE,PAIS_NACIONALIDAD,PAIS_ORIGEN,UCI
2020-11-11,01f5bd,2,12,20,1,20,20,474,1,2020-03-28,2020-03-26,9999-99-99,97,2,33,1,2,2,2,2,2,2,2,2,2,2,2,2,2,2,1,2,7,99,México,97,97
2020-11-11,0dab83,2,6,20,1,20,20,474,1,2020-08-20,2020-08-20,9999-99-99,97,2,32,1,2,2,2,2,2,2,2,2,2,2,2,2,2,1,1,1,3,99,México,97,97
2020-11-11,3cee84,1,12,20,1,20,20,474,2,2020-09-20,2020-09-16,9999-99-99,2,2,2,1,2,2,2,2,2,2,2,2,2,2,2,2,2,2,1,1,3,99,México,97,2
2020-11-11,19df8e,2,6,20,1,20,20,474,1,2020-07-22,2020-07-18,9999-99-99,97,2,38,1,2,2,2,2,2,2,2,2,2,2,2,2,2,1,1,2,7,99,México,97,97
2020-11-11,0ffccf,2,12,20,2,20,20,474,2,2020-08-04,2020-08-01,9999-99-99,2,1,1,1,97,2,2,2,2,2,2,2,2,2,2,2,2,2,1,2,7,99,México,97,2
2020-11-11,15068f,2,6,20,1,20,20,474,1,2020-07-21,2020-07-17,9999-99-99,97,2,31,1,2,2,2,2,2,2,2,2,2,2,2,2,2,1,1,2,7,99,México,97,97
