FECHA_ACTUALIZACION,ID_REGISTRO,ORIGEN,SECTOR,ENTIDAD_UM,SEXO,ENTIDAD_NAC,ENTIDAD_RES,MUNICIPIO_RES,TIPO_PACIENTE,FECHA_INGRESO,FECHA_SINTOMAS,FECHA_DEF,INTUBADO,NEUMONIA,EDAD,NACIONALIDAD,EMBARAZO,HABLA_LENGUA_INDIG,INDIGENA,DIABETES,EPOC,ASMA,INMUSUPR,HIPERTENSION,OTRA_COM,CARDIOVASCULAR,OBESIDAD,RENAL_CRONICA,TABAQUISMO,OTRO_CASO,TOMA_MUESTRA,RESULTADO_LAB,CLASIFICACION_FINAL,MIGRANTE,PAIS_NACIONALIDAD,PAIS_ORIGEN,UCI
2020-11-11,155cf1,2,12,9,2,20,20,406,2,2020-06-08,2020-06-08,9999-99-99,2,1,47,1,97,1,1,2,2,2,2,1,2,2,2,2,2,2,1,1,3,99,México,97,2
2020-11-11,0f3ce8,2,12,9,1,20,20,406,2,2020-06-08,2020-06-08,9999-99-99,2,1,47,1,2,1,1,2,2,2,2,1,2,2,2,2,2,2,1,4,6,99,México,97,2
2020-11-11,2e6fc3,1,6,21,2,21,20,406,1,2020-09-08,2020-09-02,9999-99-99,97,2,62,1,97,1,1,2,2,2,2,1,2,2,2,2,2,1,1,2,7,99,México,97,97
2020-11-11,2ed775,2,5,20,1,20,20,406,2,2020-09-07,2020-09-06,9999-99-99,2,2,31,1,2,1,1,2,2,2,2,2,2,2,2,2,2,2,1,2,7,99,México,97,2
2020-11-11,343b90,2,5,20,1,20,20,406,2,2020-10-27,2020-10-27,9999-99-99,2,2,0,1,2,2,1,2,2,2,2,2,2,2,2,2,2,2,1,1,3,99,México,97,1
