FECHA_ACTUALIZACION,ID_REGISTRO,ORIGEN,SECTOR,ENTIDAD_UM,SEXO,ENTIDAD_NAC,ENTIDAD_RES,MUNICIPIO_RES,TIPO_PACIENTE,FECHA_INGRESO,FECHA_SINTOMAS,FECHA_DEF,INTUBADO,NEUMONIA,EDAD,NACIONALIDAD,EMBARAZO,HABLA_LENGUA_INDIG,INDIGENA,DIABETES,EPOC,ASMA,INMUSUPR,HIPERTENSION,OTRA_COM,CARDIOVASCULAR,OBESIDAD,RENAL_CRONICA,TABAQUISMO,OTRO_CASO,TOMA_MUESTRA,RESULTADO_LAB,CLASIFICACION_FINAL,MIGRANTE,PAIS_NACIONALIDAD,PAIS_ORIGEN,UCI
2020-11-11,178856,1,5,20,2,20,20,446,2,2020-02-09,2020-02-02,9999-99-99,2,1,34,1,97,1,1,2,2,2,2,2,2,2,2,2,2,99,2,97,6,99,México,97,2
2020-11-11,1e3f11,1,5,20,1,20,20,446,1,2020-07-01,2020-06-30,9999-99-99,97,2,25,1,2,2,2,2,2,2,2,2,2,2,2,2,2,99,1,2,7,99,México,97,97
2020-11-11,3e5825,2,12,20,2,20,20,446,2,2020-11-05,2020-11-01,9999-99-99,2,2,53,1,97,2,2,1,2,2,1,2,2,1,1,2,2,2,1,1,3,99,México,97,2
2020-11-11,430c17,1,5,20,1,20,20,446,2,2020-11-04,2020-10-23,9999-99-99,2,2,49,1,2,1,1,1,1,2,2,1,2,2,2,1,2,2,1,1,3,99,México,97,2
