FECHA_ACTUALIZACION,ID_REGISTRO,ORIGEN,SECTOR,ENTIDAD_UM,SEXO,ENTIDAD_NAC,ENTIDAD_RES,MUNICIPIO_RES,TIPO_PACIENTE,FECHA_INGRESO,FECHA_SINTOMAS,FECHA_DEF,INTUBADO,NEUMONIA,EDAD,NACIONALIDAD,EMBARAZO,HABLA_LENGUA_INDIG,INDIGENA,DIABETES,EPOC,ASMA,INMUSUPR,HIPERTENSION,OTRA_COM,CARDIOVASCULAR,OBESIDAD,RENAL_CRONICA,TABAQUISMO,OTRO_CASO,TOMA_MUESTRA,RESULTADO_LAB,CLASIFICACION_FINAL,MIGRANTE,PAIS_NACIONALIDAD,PAIS_ORIGEN,UCI
2020-11-11,179d7f,2,10,20,2,20,20,544,2,2020-06-21,2020-06-15,2020-07-15,1,1,71,1,97,1,1,2,2,2,2,2,2,2,2,2,2,2,1,1,3,99,México,97,1
2020-11-11,294298,2,12,20,2,20,20,544,1,2020-08-18,2020-08-13,9999-99-99,97,2,73,1,97,2,2,2,2,2,2,1,2,2,1,2,2,1,1,1,3,99,México,97,97
2020-11-11,45e1c5,2,12,20,1,20,20,544,1,2020-09-14,2020-09-10,9999-99-99,97,2,45,1,2,2,2,2,2,2,2,2,2,2,2,2,2,2,1,1,3,99,México,97,97
2020-11-11,2daa03,1,12,20,2,20,20,544,2,2020-09-08,2020-09-06,9999-99-99,2,2,76,1,97,2,2,1,2,2,2,2,2,2,2,2,2,2,1,2,7,99,México,97,2
