FECHA_ACTUALIZACION,ID_REGISTRO,ORIGEN,SECTOR,ENTIDAD_UM,SEXO,ENTIDAD_NAC,ENTIDAD_RES,MUNICIPIO_RES,TIPO_PACIENTE,FECHA_INGRESO,FECHA_SINTOMAS,FECHA_DEF,INTUBADO,NEUMONIA,EDAD,NACIONALIDAD,EMBARAZO,HABLA_LENGUA_INDIG,INDIGENA,DIABETES,EPOC,ASMA,INMUSUPR,HIPERTENSION,OTRA_COM,CARDIOVASCULAR,OBESIDAD,RENAL_CRONICA,TABAQUISMO,OTRO_CASO,TOMA_MUESTRA,RESULTADO_LAB,CLASIFICACION_FINAL,MIGRANTE,PAIS_NACIONALIDAD,PAIS_ORIGEN,UCI
2020-11-11,09a2d7,2,5,20,2,20,20,58,2,2020-06-10,2020-06-10,9999-99-99,2,2,0,1,97,2,2,2,2,2,2,2,2,2,2,2,2,99,1,1,3,99,México,97,2
2020-11-11,3a5ff9,2,10,21,2,20,20,58,2,2020-09-03,2020-08-26,9999-99-99,2,1,67,1,97,2,2,1,2,2,2,2,2,2,2,2,2,2,2,97,1,99,México,97,2
2020-11-11,434c82,1,4,20,1,20,20,58,1,2020-10-09,2020-10-07,9999-99-99,97,2,51,1,2,2,2,2,2,2,2,2,1,2,2,2,2,2,1,2,7,99,México,97,97
2020-11-11,348893,1,12,20,1,20,20,58,2,2020-10-10,2020-10-06,9999-99-99,2,2,1,1,2,2,1,2,2,2,2,2,2,2,2,2,2,99,1,2,7,99,México,97,2
