FECHA_ACTUALIZACION,ID_REGISTRO,ORIGEN,SECTOR,ENTIDAD_UM,SEXO,ENTIDAD_NAC,ENTIDAD_RES,MUNICIPIO_RES,TIPO_PACIENTE,FECHA_INGRESO,FECHA_SINTOMAS,FECHA_DEF,INTUBADO,NEUMONIA,EDAD,NACIONALIDAD,EMBARAZO,HABLA_LENGUA_INDIG,INDIGENA,DIABETES,EPOC,ASMA,INMUSUPR,HIPERTENSION,OTRA_COM,CARDIOVASCULAR,OBESIDAD,RENAL_CRONICA,TABAQUISMO,OTRO_CASO,TOMA_MUESTRA,RESULTADO_LAB,CLASIFICACION_FINAL,MIGRANTE,PAIS_NACIONALIDAD,PAIS_ORIGEN,UCI
2020-11-11,0d8a0b,1,5,20,1,20,20,445,2,2020-04-29,2020-04-29,9999-99-99,2,2,29,1,2,2,2,2,2,1,2,2,2,2,2,2,2,99,1,1,3,99,México,97,2
2020-11-11,3f366d,1,5,20,1,20,20,445,2,2020-09-24,2020-09-14,9999-99-99,2,1,67,1,2,1,1,2,2,2,2,2,2,2,1,2,2,2,1,1,3,99,México,97,2
2020-11-11,209b55,1,5,20,2,20,20,445,2,2020-09-22,2020-09-10,9999-99-99,2,1,63,1,97,1,1,2,2,2,2,2,2,2,2,2,2,2,1,1,3,99,México,97,2
2020-11-11,0ba8d8,1,5,20,1,20,20,445,1,2020-08-21,2020-08-16,9999-99-99,97,2,47,1,2,2,2,2,2,2,2,2,2,2,2,2,2,2,1,4,5,99,México,97,97
