FECHA_ACTUALIZACION,ID_REGISTRO,ORIGEN,SECTOR,ENTIDAD_UM,SEXO,ENTIDAD_NAC,ENTIDAD_RES,MUNICIPIO_RES,TIPO_PACIENTE,FECHA_INGRESO,FECHA_SINTOMAS,FECHA_DEF,INTUBADO,NEUMONIA,EDAD,NACIONALIDAD,EMBARAZO,HABLA_LENGUA_INDIG,INDIGENA,DIABETES,EPOC,ASMA,INMUSUPR,HIPERTENSION,OTRA_COM,CARDIOVASCULAR,OBESIDAD,RENAL_CRONICA,TABAQUISMO,OTRO_CASO,TOMA_MUESTRA,RESULTADO_LAB,CLASIFICACION_FINAL,MIGRANTE,PAIS_NACIONALIDAD,PAIS_ORIGEN,UCI
2020-11-11,0e05d6,2,12,20,1,20,20,17,1,2020-07-01,2020-06-28,9999-99-99,97,2,61,1,2,2,2,2,2,2,2,2,2,2,2,2,2,99,1,1,3,99,México,97,97
2020-11-11,086daa,2,12,2,2,20,20,17,1,2020-05-21,2020-05-06,9999-99-99,97,2,77,1,97,2,2,2,2,2,2,2,2,2,2,2,2,2,2,97,6,99,México,97,97
2020-11-11,434e9c,2,12,20,1,20,20,17,1,2020-09-10,2020-09-06,9999-99-99,97,2,59,1,2,2,2,2,2,2,2,1,2,2,2,2,2,1,1,1,3,99,México,97,97
2020-11-11,37f5a0,2,12,20,2,20,20,17,1,2020-10-05,2020-10-02,9999-99-99,97,2,38,1,97,2,2,2,2,2,2,2,2,2,2,2,2,2,1,1,3,99,México,97,97
