FECHA_ACTUALIZACION,ID_REGISTRO,ORIGEN,SECTOR,ENTIDAD_UM,SEXO,ENTIDAD_NAC,ENTIDAD_RES,MUNICIPIO_RES,TIPO_PACIENTE,FECHA_INGRESO,FECHA_SINTOMAS,FECHA_DEF,INTUBADO,NEUMONIA,EDAD,NACIONALIDAD,EMBARAZO,HABLA_LENGUA_INDIG,INDIGENA,DIABETES,EPOC,ASMA,INMUSUPR,HIPERTENSION,OTRA_COM,CARDIOVASCULAR,OBESIDAD,RENAL_CRONICA,TABAQUISMO,OTRO_CASO,TOMA_MUESTRA,RESULTADO_LAB,CLASIFICACION_FINAL,MIGRANTE,PAIS_NACIONALIDAD,PAIS_ORIGEN,UCI
2020-11-11,12ed38,2,5,20,1,20,20,118,1,2020-06-17,2020-06-12,9999-99-99,97,2,28,1,2,1,2,2,2,2,2,2,2,2,2,2,2,99,1,1,3,99,México,97,97
2020-11-11,0dfa0e,2,12,20,2,20,20,118,1,2020-08-29,2020-08-24,9999-99-99,97,2,44,1,97,2,2,2,2,2,2,1,2,2,2,2,2,1,1,1,3,99,México,97,97
2020-11-11,2f2aea,2,12,20,1,20,20,118,1,2020-08-10,2020-08-06,9999-99-99,97,2,59,1,2,2,2,2,2,2,2,2,2,2,1,2,2,2,1,1,3,99,México,97,97
2020-11-11,230b1b,2,12,20,1,20,20,118,1,2020-09-14,2020-09-08,9999-99-99,97,2,78,1,2,2,2,1,2,2,2,2,2,2,2,2,2,1,1,1,3,99,México,97,97
2020-11-11,408cae,2,12,20,2,20,20,118,1,2020-10-04,2020-10-01,9999-99-99,97,2,51,1,97,2,2,2,2,2,2,2,2,2,2,2,2,1,1,1,3,99,México,97,97
