FECHA_ACTUALIZACION,ID_REGISTRO,ORIGEN,SECTOR,ENTIDAD_UM,SEXO,ENTIDAD_NAC,ENTIDAD_RES,MUNICIPIO_RES,TIPO_PACIENTE,FECHA_INGRESO,FECHA_SINTOMAS,FECHA_DEF,INTUBADO,NEUMONIA,EDAD,NACIONALIDAD,EMBARAZO,HABLA_LENGUA_INDIG,INDIGENA,DIABETES,EPOC,ASMA,INMUSUPR,HIPERTENSION,OTRA_COM,CARDIOVASCULAR,OBESIDAD,RENAL_CRONICA,TABAQUISMO,OTRO_CASO,TOMA_MUESTRA,RESULTADO_LAB,CLASIFICACION_FINAL,MIGRANTE,PAIS_NACIONALIDAD,PAIS_ORIGEN,UCI
2020-11-11,290b2e,2,5,20,1,20,20,543,2,2020-09-25,2020-09-25,9999-99-99,2,2,1,1,2,2,2,2,2,2,2,2,2,2,2,2,2,2,1,4,5,99,México,97,2
2020-11-11,364c90,2,5,20,1,20,20,543,2,2020-10-26,2020-10-23,9999-99-99,2,2,1,1,2,2,2,2,2,2,2,2,2,2,2,2,2,2,1,2,7,99,México,97,2
2020-11-11,1f59d8,2,12,20,2,20,20,543,2,2020-10-20,2020-10-06,2020-10-31,2,1,66,1,97,2,2,1,2,2,2,2,2,2,2,2,2,2,2,97,2,99,México,97,2
2020-11-11,3fed08,2,5,20,1,20,20,543,1,2020-10-14,2020-10-14,9999-99-99,97,2,29,1,2,2,2,2,2,2,2,2,2,2,2,2,2,2,1,4,6,99,México,97,97
