FECHA_ACTUALIZACION,ID_REGISTRO,ORIGEN,SECTOR,ENTIDAD_UM,SEXO,ENTIDAD_NAC,ENTIDAD_RES,MUNICIPIO_RES,TIPO_PACIENTE,FECHA_INGRESO,FECHA_SINTOMAS,FECHA_DEF,INTUBADO,NEUMONIA,EDAD,NACIONALIDAD,EMBARAZO,HABLA_LENGUA_INDIG,INDIGENA,DIABETES,EPOC,ASMA,INMUSUPR,HIPERTENSION,OTRA_COM,CARDIOVASCULAR,OBESIDAD,RENAL_CRONICA,TABAQUISMO,OTRO_CASO,TOMA_MUESTRA,RESULTADO_LAB,CLASIFICACION_FINAL,MIGRANTE,PAIS_NACIONALIDAD,PAIS_ORIGEN,UCI
2020-11-11,09d93d,1,4,20,2,30,20,75,1,2020-04-17,2020-04-08,9999-99-99,97,2,2,1,97,2,2,2,2,2,2,2,2,2,2,2,2,99,2,97,6,99,México,97,97
2020-11-11,020f0e,2,12,20,2,20,20,75,2,2020-08-05,2020-08-03,9999-99-99,2,2,15,1,97,2,2,2,2,2,1,2,1,2,2,2,2,2,1,2,7,99,México,97,2
2020-11-11,03018f,2,5,20,1,20,20,75,2,2020-07-28,2020-07-27,9999-99-99,2,2,18,1,2,1,1,2,2,2,2,2,2,2,2,2,2,99,1,2,7,99,México,97,2
2020-11-11,10b299,2,5,20,2,20,20,75,2,2020-07-29,2020-07-29,9999-99-99,2,2,0,1,97,2,2,2,2,2,2,2,2,2,2,2,2,1,1,2,7,99,México,97,2
2020-11-11,3c0cac,2,8,4,2,20,20,75,1,2020-11-07,2020-11-07,9999-99-99,97,2,109,1,97,2,2,2,2,2,2,2,2,2,2,2,2,2,1,3,6,99,México,97,97
