FECHA_ACTUALIZACION,ID_REGISTRO,ORIGEN,SECTOR,ENTIDAD_UM,SEXO,ENTIDAD_NAC,ENTIDAD_RES,MUNICIPIO_RES,TIPO_PACIENTE,FECHA_INGRESO,FECHA_SINTOMAS,FECHA_DEF,INTUBADO,NEUMONIA,EDAD,NACIONALIDAD,EMBARAZO,HABLA_LENGUA_INDIG,INDIGENA,DIABETES,EPOC,ASMA,INMUSUPR,HIPERTENSION,OTRA_COM,CARDIOVASCULAR,OBESIDAD,RENAL_CRONICA,TABAQUISMO,OTRO_CASO,TOMA_MUESTRA,RESULTADO_LAB,CLASIFICACION_FINAL,MIGRANTE,PAIS_NACIONALIDAD,PAIS_ORIGEN,UCI
2020-11-11,176692,2,12,20,2,20,20,149,1,2020-06-28,2020-06-17,9999-99-99,97,2,26,1,97,2,2,2,2,2,2,2,2,2,2,2,2,1,1,1,3,99,México,97,97
2020-11-11,05d2a7,2,12,20,1,20,20,149,1,2020-05-26,2020-05-26,9999-99-99,97,2,37,1,2,2,2,2,2,2,2,2,2,2,2,2,2,2,1,1,3,99,México,97,97
2020-11-11,0acfba,2,12,20,2,20,20,149,1,2020-06-19,2020-06-17,2020-06-20,97,1,57,1,97,2,2,2,2,2,2,2,2,2,2,2,2,99,1,4,2,99,México,97,97
2020-11-11,1bdfb2,2,12,20,1,20,20,149,1,2020-06-24,2020-06-23,9999-99-99,97,2,19,1,2,2,2,2,2,2,2,2,2,2,2,2,2,2,1,2,7,99,México,97,97
