FECHA_ACTUALIZACION,ID_REGISTRO,ORIGEN,SECTOR,ENTIDAD_UM,SEXO,ENTIDAD_NAC,ENTIDAD_RES,MUNICIPIO_RES,TIPO_PACIENTE,FECHA_INGRESO,FECHA_SINTOMAS,FECHA_DEF,INTUBADO,NEUMONIA,EDAD,NACIONALIDAD,EMBARAZO,HABLA_LENGUA_INDIG,INDIGENA,DIABETES,EPOC,ASMA,INMUSUPR,HIPERTENSION,OTRA_COM,CARDIOVASCULAR,OBESIDAD,RENAL_CRONICA,TABAQUISMO,OTRO_CASO,TOMA_MUESTRA,RESULTADO_LAB,CLASIFICACION_FINAL,MIGRANTE,PAIS_NACIONALIDAD,PAIS_ORIGEN,UCI
2020-11-11,2d13d8,1,12,20,1,20,20,89,1,2020-09-16,2020-09-10,9999-99-99,97,2,45,1,2,2,2,2,2,2,2,2,2,2,2,2,2,1,1,1,3,99,México,97,97
2020-11-11,390627,1,12,20,2,20,20,89,1,2020-09-16,2020-09-10,9999-99-99,97,2,19,1,97,2,2,2,2,2,2,2,2,2,2,2,2,2,1,1,3,99,México,97,97
2020-11-11,17b6d9,1,12,20,1,20,20,89,1,2020-08-04,2020-08-03,9999-99-99,97,2,24,1,2,2,2,2,2,2,2,2,2,2,1,2,2,1,1,4,5,99,México,97,97
2020-11-11,3fc77f,1,12,20,1,20,20,89,1,2020-09-16,2020-09-14,9999-99-99,97,2,25,1,2,2,2,2,2,2,2,2,2,2,2,2,2,2,1,2,7,99,México,97,97
2020-11-11,05f92a,1,12,20,2,20,20,89,1,2020-07-09,2020-07-06,9999-99-99,97,2,44,1,97,2,2,2,2,2,2,2,2,2,1,2,2,2,1,2,7,99,México,97,97
