FECHA_ACTUALIZACION,ID_REGISTRO,ORIGEN,SECTOR,ENTIDAD_UM,SEXO,ENTIDAD_NAC,ENTIDAD_RES,MUNICIPIO_RES,TIPO_PACIENTE,FECHA_INGRESO,FECHA_SINTOMAS,FECHA_DEF,INTUBADO,NEUMONIA,EDAD,NACIONALIDAD,EMBARAZO,HABLA_LENGUA_INDIG,INDIGENA,DIABETES,EPOC,ASMA,INMUSUPR,HIPERTENSION,OTRA_COM,CARDIOVASCULAR,OBESIDAD,RENAL_CRONICA,TABAQUISMO,OTRO_CASO,TOMA_MUESTRA,RESULTADO_LAB,CLASIFICACION_FINAL,MIGRANTE,PAIS_NACIONALIDAD,PAIS_ORIGEN,UCI
2020-11-11,084bb6,2,12,20,2,20,20,414,2,2020-03-23,2020-03-15,9999-99-99,2,2,51,1,97,2,2,2,1,2,2,2,2,2,2,2,1,2,1,2,7,99,México,97,2
2020-11-11,1e31e5,1,12,20,2,20,20,414,2,2020-07-02,2020-06-28,9999-99-99,2,1,18,1,97,2,2,2,2,2,2,2,2,2,2,2,2,2,1,1,3,99,México,97,2
2020-11-11,1c79c1,2,12,20,1,20,20,414,2,2020-06-01,2020-05-25,2020-06-06,2,1,85,1,2,2,2,2,1,2,2,1,2,2,2,2,2,1,1,1,3,99,México,97,1
2020-11-11,3c011f,2,12,20,2,12,20,414,2,2020-09-30,2020-09-26,9999-99-99,2,1,61,1,97,2,2,2,1,2,2,2,2,2,2,2,1,2,1,1,3,99,México,97,2
2020-11-11,2c47d1,2,5,20,2,20,20,414,1,2020-10-06,2020-10-04,9999-99-99,97,2,35,1,97,2,2,2,2,2,2,2,2,1,2,2,2,2,1,1,3,99,México,97,97
2020-11-11,2ee9f9,2,12,20,1,20,20,414,2,2020-10-28,2020-10-26,2020-10-28,2,1,25,1,2,2,1,2,2,2,2,2,2,1,2,2,2,2,1,2,7,99,México,97,2
2020-11-11,2782ba,2,12,20,2,20,20,414,2,2020-10-22,2020-10-16,2020-10-23,2,1,69,1,97,2,2,1,2,2,2,1,2,2,2,2,2,2,2,97,6,99,México,97,2
