FECHA_ACTUALIZACION,ID_REGISTRO,ORIGEN,SECTOR,ENTIDAD_UM,SEXO,ENTIDAD_NAC,ENTIDAD_RES,MUNICIPIO_RES,TIPO_PACIENTE,FECHA_INGRESO,FECHA_SINTOMAS,FECHA_DEF,INTUBADO,NEUMONIA,EDAD,NACIONALIDAD,EMBARAZO,HABLA_LENGUA_INDIG,INDIGENA,DIABETES,EPOC,ASMA,INMUSUPR,HIPERTENSION,OTRA_COM,CARDIOVASCULAR,OBESIDAD,RENAL_CRONICA,TABAQUISMO,OTRO_CASO,TOMA_MUESTRA,RESULTADO_LAB,CLASIFICACION_FINAL,MIGRANTE,PAIS_NACIONALIDAD,PAIS_ORIGEN,UCI
2020-11-11,1c3840,2,12,21,2,21,21,193,2,2020-06-09,2020-06-04,9999-99-99,2,1,69,1,97,2,2,2,2,2,2,2,2,2,2,2,1,99,1,1,3,99,México,97,2
2020-11-11,12cb56,1,12,21,1,21,21,193,1,2020-06-25,2020-06-23,9999-99-99,97,2,36,1,2,2,2,2,2,2,2,2,2,2,2,2,2,1,1,1,3,99,México,97,97
2020-11-11,007211,2,12,21,1,21,21,193,2,2020-07-21,2020-07-17,2020-08-07,2,1,61,1,2,2,2,2,2,2,2,2,2,2,2,2,1,2,1,1,3,99,México,97,2
2020-11-11,1c66f4,2,12,21,2,21,21,193,2,2020-08-13,2020-08-13,9999-99-99,2,2,4,1,97,2,2,2,2,2,2,2,1,2,2,2,2,1,1,2,7,99,México,97,2
2020-11-11,419147,2,9,21,2,15,21,193,1,2020-09-28,2020-09-15,9999-99-99,97,2,70,1,97,2,2,2,2,2,2,2,2,2,2,2,2,2,1,2,7,99,México,97,97
2020-11-11,2fadcf,1,12,21,2,21,21,193,2,2020-10-04,2020-10-03,2020-10-05,2,1,36,1,97,99,99,2,2,2,2,2,2,1,2,2,2,2,1,1,3,99,México,97,2
2020-11-11,426420,2,12,21,2,21,21,193,2,2020-10-13,2020-10-13,9999-99-99,2,2,4,1,97,2,2,2,2,2,2,2,1,2,2,2,2,1,1,2,7,99,México,97,2
