FECHA_ACTUALIZACION,ID_REGISTRO,ORIGEN,SECTOR,ENTIDAD_UM,SEXO,ENTIDAD_NAC,ENTIDAD_RES,MUNICIPIO_RES,TIPO_PACIENTE,FECHA_INGRESO,FECHA_SINTOMAS,FECHA_DEF,INTUBADO,NEUMONIA,EDAD,NACIONALIDAD,EMBARAZO,HABLA_LENGUA_INDIG,INDIGENA,DIABETES,EPOC,ASMA,INMUSUPR,HIPERTENSION,OTRA_COM,CARDIOVASCULAR,OBESIDAD,RENAL_CRONICA,TABAQUISMO,OTRO_CASO,TOMA_MUESTRA,RESULTADO_LAB,CLASIFICACION_FINAL,MIGRANTE,PAIS_NACIONALIDAD,PAIS_ORIGEN,UCI
2020-11-11,0db40a,1,12,21,2,21,21,195,2,2020-05-17,2020-05-14,2020-05-21,2,1,24,1,97,2,2,2,2,2,2,2,2,2,2,2,2,1,1,2,7,99,México,97,2
2020-11-11,3e30ba,1,12,21,2,21,21,195,1,2020-09-03,2020-09-02,9999-99-99,97,2,77,1,97,99,99,1,1,2,2,1,2,2,2,2,2,1,1,1,3,99,México,97,97
2020-11-11,178848,1,12,21,1,9,21,195,1,2020-07-21,2020-07-15,2020-07-29,97,1,57,1,2,2,2,2,2,2,2,1,2,2,1,2,2,2,1,1,3,99,México,97,97
2020-11-11,0086ae,2,12,21,2,21,21,195,2,2020-08-14,2020-08-14,9999-99-99,2,2,1,1,97,2,2,2,2,2,2,2,1,2,2,2,2,1,1,2,7,99,México,97,2
2020-11-11,1182f4,1,12,21,1,21,21,195,1,2020-07-17,2020-07-12,9999-99-99,97,2,30,1,2,2,2,2,2,2,2,2,2,2,1,2,2,1,2,97,6,99,México,97,97
2020-11-11,44c508,1,6,21,2,21,21,195,2,2020-11-07,2020-10-28,9999-99-99,2,2,68,1,97,2,2,2,2,2,2,2,2,2,2,2,1,99,1,1,3,99,México,97,2
2020-11-11,3dc92a,1,12,21,2,21,21,195,2,2020-10-19,2020-10-19,9999-99-99,2,2,0,1,97,2,2,2,2,2,2,2,1,2,2,2,2,2,1,2,7,99,México,97,2
