FECHA_ACTUALIZACION,ID_REGISTRO,ORIGEN,SECTOR,ENTIDAD_UM,SEXO,ENTIDAD_NAC,ENTIDAD_RES,MUNICIPIO_RES,TIPO_PACIENTE,FECHA_INGRESO,FECHA_SINTOMAS,FECHA_DEF,INTUBADO,NEUMONIA,EDAD,NACIONALIDAD,EMBARAZO,HABLA_LENGUA_INDIG,INDIGENA,DIABETES,EPOC,ASMA,INMUSUPR,HIPERTENSION,OTRA_COM,CARDIOVASCULAR,OBESIDAD,RENAL_CRONICA,TABAQUISMO,OTRO_CASO,TOMA_MUESTRA,RESULTADO_LAB,CLASIFICACION_FINAL,MIGRANTE,PAIS_NACIONALIDAD,PAIS_ORIGEN,UCI
2020-11-11,0a50e7,1,12,21,1,21,21,159,2,2020-07-07,2020-06-30,2020-07-15,1,1,67,1,2,2,2,1,2,2,2,2,2,2,2,2,2,2,1,1,3,99,México,97,1
2020-11-11,144d92,1,12,21,2,21,21,159,2,2020-08-17,2020-08-12,9999-99-99,2,2,66,1,97,2,2,2,2,2,2,2,2,2,1,2,1,1,1,1,3,99,México,97,2
2020-11-11,1b1fab,1,12,21,2,21,21,159,2,2020-09-02,2020-08-20,9999-99-99,2,1,51,1,97,2,2,2,2,2,2,2,2,2,1,2,2,2,1,1,3,99,México,97,2
2020-11-11,03ca5a,1,12,21,2,21,21,159,1,2020-08-24,2020-08-10,9999-99-99,97,2,51,1,97,2,2,2,2,2,2,2,2,2,2,2,2,1,1,1,3,99,México,97,97
2020-11-11,16c87d,1,12,21,2,21,21,159,2,2020-07-13,2020-07-10,9999-99-99,2,1,60,1,97,2,2,2,2,2,2,2,2,2,2,1,1,99,1,2,7,99,México,97,2
2020-11-11,06d7ce,1,12,21,2,21,21,159,2,2020-08-12,2020-07-29,9999-99-99,2,1,69,1,97,2,2,2,2,2,2,2,2,2,2,2,2,2,1,2,7,99,México,97,2
