FECHA_ACTUALIZACION,ID_REGISTRO,ORIGEN,SECTOR,ENTIDAD_UM,SEXO,ENTIDAD_NAC,ENTIDAD_RES,MUNICIPIO_RES,TIPO_PACIENTE,FECHA_INGRESO,FECHA_SINTOMAS,FECHA_DEF,INTUBADO,NEUMONIA,EDAD,NACIONALIDAD,EMBARAZO,HABLA_LENGUA_INDIG,INDIGENA,DIABETES,EPOC,ASMA,INMUSUPR,HIPERTENSION,OTRA_COM,CARDIOVASCULAR,OBESIDAD,RENAL_CRONICA,TABAQUISMO,OTRO_CASO,TOMA_MUESTRA,RESULTADO_LAB,CLASIFICACION_FINAL,MIGRANTE,PAIS_NACIONALIDAD,PAIS_ORIGEN,UCI
2020-11-11,1d9635,2,12,21,1,21,21,184,1,2020-06-01,2020-05-31,9999-99-99,97,2,37,1,2,2,2,2,2,2,2,2,2,2,2,2,2,2,1,2,7,99,México,97,97
2020-11-11,1aacd4,1,4,21,1,21,21,184,1,2020-07-28,2020-07-27,9999-99-99,97,2,24,1,2,2,2,2,2,2,2,2,2,2,2,2,2,99,1,1,3,99,México,97,97
2020-11-11,1f921e,1,12,21,1,21,21,184,1,2020-10-03,2020-09-23,9999-99-99,97,2,39,1,2,2,2,2,2,2,2,2,2,2,2,2,2,2,1,1,3,99,México,97,97
2020-11-11,227665,1,12,21,2,21,21,184,1,2020-10-03,2020-09-23,9999-99-99,97,2,30,1,97,2,2,2,2,2,2,2,2,2,2,2,2,2,1,2,7,99,México,97,97
2020-11-11,2d0837,2,12,21,2,21,21,184,1,2020-09-15,2020-09-02,9999-99-99,97,2,32,1,97,1,1,2,2,2,2,1,2,2,2,2,2,2,1,4,6,99,México,97,97
2020-11-11,3be130,1,12,21,1,21,21,184,1,2020-09-06,2020-09-04,9999-99-99,97,2,83,1,2,2,2,2,1,2,2,2,2,2,2,2,2,2,2,97,1,99,México,97,97
