FECHA_ACTUALIZACION,ID_REGISTRO,ORIGEN,SECTOR,ENTIDAD_UM,SEXO,ENTIDAD_NAC,ENTIDAD_RES,MUNICIPIO_RES,TIPO_PACIENTE,FECHA_INGRESO,FECHA_SINTOMAS,FECHA_DEF,INTUBADO,NEUMONIA,EDAD,NACIONALIDAD,EMBARAZO,HABLA_LENGUA_INDIG,INDIGENA,DIABETES,EPOC,ASMA,INMUSUPR,HIPERTENSION,OTRA_COM,CARDIOVASCULAR,OBESIDAD,RENAL_CRONICA,TABAQUISMO,OTRO_CASO,TOMA_MUESTRA,RESULTADO_LAB,CLASIFICACION_FINAL,MIGRANTE,PAIS_NACIONALIDAD,PAIS_ORIGEN,UCI
2020-11-11,060311,2,12,26,1,99,26,34,1,2020-03-26,2020-03-18,9999-99-99,97,2,42,2,2,2,2,2,2,2,1,2,1,2,2,2,2,2,1,2,7,99,Estados Unidos de América,97,97
2020-11-11,1cd38c,1,12,26,1,26,26,34,1,2020-06-28,2020-06-25,9999-99-99,97,2,25,1,2,2,2,2,2,2,2,2,2,2,2,2,2,1,1,1,3,99,México,97,97
2020-11-11,421a78,1,12,26,1,26,26,34,1,2020-09-17,2020-09-16,9999-99-99,97,2,34,1,2,2,2,2,2,2,2,2,2,2,2,2,1,2,1,2,7,99,México,97,97
2020-11-11,0bced8,1,12,26,1,26,26,34,1,2020-07-28,2020-07-21,9999-99-99,97,2,48,1,2,2,2,2,2,2,2,2,2,2,1,2,2,1,1,2,7,99,México,97,97
2020-11-11,41dfcb,1,12,26,1,26,26,34,1,2020-08-31,2020-08-26,9999-99-99,97,2,61,1,2,2,2,2,2,2,2,1,2,2,2,2,2,1,2,97,6,99,México,97,97
2020-11-11,06a6aa,1,12,26,2,26,26,34,1,2020-08-24,2020-08-19,9999-99-99,97,2,57,1,97,2,2,2,2,2,2,2,2,2,2,2,2,1,2,97,6,99,México,97,97
2020-11-11,11f329,1,12,26,2,26,26,34,1,2020-08-24,2020-08-17,9999-99-99,97,2,17,1,97,2,2,2,2,2,2,2,2,2,2,2,2,1,2,97,6,99,México,97,97
