FECHA_ACTUALIZACION,ID_REGISTRO,ORIGEN,SECTOR,ENTIDAD_UM,SEXO,ENTIDAD_NAC,ENTIDAD_RES,MUNICIPIO_RES,TIPO_PACIENTE,FECHA_INGRESO,FECHA_SINTOMAS,FECHA_DEF,INTUBADO,NEUMONIA,EDAD,NACIONALIDAD,EMBARAZO,HABLA_LENGUA_INDIG,INDIGENA,DIABETES,EPOC,ASMA,INMUSUPR,HIPERTENSION,OTRA_COM,CARDIOVASCULAR,OBESIDAD,RENAL_CRONICA,TABAQUISMO,OTRO_CASO,TOMA_MUESTRA,RESULTADO_LAB,CLASIFICACION_FINAL,MIGRANTE,PAIS_NACIONALIDAD,PAIS_ORIGEN,UCI
2020-11-11,055075,1,12,26,1,26,26,10,1,2020-06-02,2020-05-24,9999-99-99,97,2,71,1,2,2,2,2,2,2,2,1,2,2,2,2,2,2,1,1,3,99,México,97,97
2020-11-11,068bde,1,12,26,1,26,26,10,1,2020-06-03,2020-05-29,9999-99-99,97,2,40,1,2,2,2,2,2,2,2,2,2,2,1,2,1,99,1,1,3,99,México,97,97
2020-11-11,0b3ffa,1,12,26,1,26,26,10,1,2020-06-10,2020-06-02,9999-99-99,97,2,50,1,2,2,2,2,2,2,2,2,2,2,1,2,2,1,1,1,3,99,México,97,97
2020-11-11,19118f,1,12,26,2,26,26,10,2,2020-08-30,2020-08-29,9999-99-99,2,2,25,1,97,2,2,2,2,2,2,2,2,2,2,2,2,2,1,4,6,99,México,97,1
