FECHA_ACTUALIZACION,ID_REGISTRO,ORIGEN,SECTOR,ENTIDAD_UM,SEXO,ENTIDAD_NAC,ENTIDAD_RES,MUNICIPIO_RES,TIPO_PACIENTE,FECHA_INGRESO,FECHA_SINTOMAS,FECHA_DEF,INTUBADO,NEUMONIA,EDAD,NACIONALIDAD,EMBARAZO,HABLA_LENGUA_INDIG,INDIGENA,DIABETES,EPOC,ASMA,INMUSUPR,HIPERTENSION,OTRA_COM,CARDIOVASCULAR,OBESIDAD,RENAL_CRONICA,TABAQUISMO,OTRO_CASO,TOMA_MUESTRA,RESULTADO_LAB,CLASIFICACION_FINAL,MIGRANTE,PAIS_NACIONALIDAD,PAIS_ORIGEN,UCI
2020-11-11,178a0e,1,12,30,2,30,30,35,2,2020-07-12,2020-07-09,9999-99-99,2,2,56,1,97,2,2,1,2,2,2,1,2,2,2,2,2,99,1,1,3,99,México,97,2
2020-11-11,03c365,1,12,9,2,30,30,35,2,2020-07-10,2020-07-10,9999-99-99,2,2,13,1,97,2,2,2,2,2,2,2,2,2,2,2,2,2,1,2,7,99,México,97,2
2020-11-11,3922bb,2,6,30,2,30,30,35,2,2020-08-30,2020-08-30,2020-09-06,2,1,82,1,97,2,2,2,2,2,2,2,2,2,2,1,1,2,1,2,7,99,México,97,2
2020-11-11,12cc5a,1,12,9,2,30,30,35,2,2020-07-10,2020-07-07,9999-99-99,2,2,0,1,97,2,2,2,2,2,2,2,2,2,2,2,2,2,1,2,7,99,México,97,2
2020-11-11,3f38a5,1,12,9,2,30,30,35,2,2020-09-23,2020-09-22,9999-99-99,2,1,0,1,97,2,2,2,2,2,1,2,1,2,2,2,2,2,1,4,6,99,México,97,2
