FECHA_ACTUALIZACION,ID_REGISTRO,ORIGEN,SECTOR,ENTIDAD_UM,SEXO,ENTIDAD_NAC,ENTIDAD_RES,MUNICIPIO_RES,TIPO_PACIENTE,FECHA_INGRESO,FECHA_SINTOMAS,FECHA_DEF,INTUBADO,NEUMONIA,EDAD,NACIONALIDAD,EMBARAZO,HABLA_LENGUA_INDIG,INDIGENA,DIABETES,EPOC,ASMA,INMUSUPR,HIPERTENSION,OTRA_COM,CARDIOVASCULAR,OBESIDAD,RENAL_CRONICA,TABAQUISMO,OTRO_CASO,TOMA_MUESTRA,RESULTADO_LAB,CLASIFICACION_FINAL,MIGRANTE,PAIS_NACIONALIDAD,PAIS_ORIGEN,UCI
2020-11-11,08d5fc,2,12,30,2,30,30,146,2,2020-06-17,2020-06-11,9999-99-99,2,2,42,1,97,2,2,2,2,2,2,2,2,2,2,2,2,99,1,1,3,99,México,97,2
2020-11-11,0a8731,2,12,9,1,30,30,146,2,2020-06-12,2020-06-12,9999-99-99,2,2,4,1,2,2,2,2,2,2,2,2,2,2,2,2,2,99,1,2,7,99,México,97,2
2020-11-11,1a5fca,1,12,30,1,30,30,146,2,2020-08-22,2020-08-19,9999-99-99,2,1,19,1,2,2,2,2,2,2,2,1,2,2,2,2,2,2,1,1,3,99,México,97,2
2020-11-11,367689,2,12,30,2,30,30,146,2,2020-11-02,2020-10-30,9999-99-99,2,1,73,1,97,2,2,2,2,2,2,1,2,1,2,2,2,2,1,1,3,99,México,97,2
2020-11-11,439594,2,4,30,2,30,30,146,2,2020-10-22,2020-10-19,2020-10-30,2,2,61,1,97,2,2,2,2,2,2,2,2,2,2,2,2,2,1,1,3,99,México,97,2
