FECHA_ACTUALIZACION,ID_REGISTRO,ORIGEN,SECTOR,ENTIDAD_UM,SEXO,ENTIDAD_NAC,ENTIDAD_RES,MUNICIPIO_RES,TIPO_PACIENTE,FECHA_INGRESO,FECHA_SINTOMAS,FECHA_DEF,INTUBADO,NEUMONIA,EDAD,NACIONALIDAD,EMBARAZO,HABLA_LENGUA_INDIG,INDIGENA,DIABETES,EPOC,ASMA,INMUSUPR,HIPERTENSION,OTRA_COM,CARDIOVASCULAR,OBESIDAD,RENAL_CRONICA,TABAQUISMO,OTRO_CASO,TOMA_MUESTRA,RESULTADO_LAB,CLASIFICACION_FINAL,MIGRANTE,PAIS_NACIONALIDAD,PAIS_ORIGEN,UCI
2020-11-11,1e6ea1,1,5,13,2,30,30,76,1,2020-05-17,2020-05-13,9999-99-99,97,2,56,1,97,2,1,1,2,2,2,2,2,2,2,2,2,99,1,2,7,99,México,97,97
2020-11-11,25c6b9,2,12,13,2,13,30,76,2,2020-09-06,2020-08-28,2020-09-22,2,1,63,1,97,2,2,2,2,2,2,2,2,2,2,2,2,2,1,1,3,99,México,97,2
2020-11-11,14705b,1,5,30,1,30,30,76,1,2020-09-02,2020-08-28,9999-99-99,97,2,35,1,2,1,1,2,2,2,2,2,2,2,2,2,2,2,1,1,3,99,México,97,97
2020-11-11,13287d,2,10,9,2,30,30,76,2,2020-07-20,2020-07-05,9999-99-99,2,1,61,1,97,99,99,1,2,2,2,1,2,2,2,2,2,2,2,97,6,99,México,97,2
2020-11-11,1fcb36,1,5,13,1,30,30,76,1,2020-11-03,2020-10-27,9999-99-99,97,1,47,1,2,2,2,2,2,2,2,2,2,2,2,2,2,2,1,1,3,99,México,97,97
2020-11-11,3267d1,1,12,9,1,30,30,76,2,2020-10-05,2020-10-05,9999-99-99,2,2,39,1,2,2,2,2,2,2,1,2,1,2,2,2,2,2,1,2,7,99,México,97,2
2020-11-11,2d7ee5,1,12,13,1,30,30,76,1,2020-10-28,2020-10-22,9999-99-99,97,2,42,1,2,2,2,2,2,2,2,2,2,2,2,2,2,2,2,97,6,99,México,97,97
