FECHA_ACTUALIZACION,ID_REGISTRO,ORIGEN,SECTOR,ENTIDAD_UM,SEXO,ENTIDAD_NAC,ENTIDAD_RES,MUNICIPIO_RES,TIPO_PACIENTE,FECHA_INGRESO,FECHA_SINTOMAS,FECHA_DEF,INTUBADO,NEUMONIA,EDAD,NACIONALIDAD,EMBARAZO,HABLA_LENGUA_INDIG,INDIGENA,DIABETES,EPOC,ASMA,INMUSUPR,HIPERTENSION,OTRA_COM,CARDIOVASCULAR,OBESIDAD,RENAL_CRONICA,TABAQUISMO,OTRO_CASO,TOMA_MUESTRA,RESULTADO_LAB,CLASIFICACION_FINAL,MIGRANTE,PAIS_NACIONALIDAD,PAIS_ORIGEN,UCI
2020-11-11,12590f,1,4,30,2,21,30,165,1,2020-06-27,2020-06-21,9999-99-99,97,2,71,1,97,2,2,2,1,2,2,1,2,2,2,2,2,1,1,1,3,99,México,97,97
2020-11-11,0f3f87,2,4,30,2,30,30,165,2,2020-06-23,2020-06-23,9999-99-99,2,1,46,1,97,2,2,2,2,2,2,2,2,2,2,2,2,99,1,2,7,99,México,97,2
2020-11-11,1c532d,2,12,30,2,30,30,165,2,2020-08-03,2020-07-28,9999-99-99,2,1,78,1,97,2,2,2,2,2,2,2,2,2,2,2,2,1,1,1,3,99,México,97,2
2020-11-11,2a65a4,2,12,30,1,30,30,165,2,2020-09-06,2020-09-04,9999-99-99,2,1,73,1,2,2,2,2,2,2,2,1,2,2,1,2,2,2,1,2,7,99,México,97,2
2020-11-11,4198f0,1,5,30,2,30,30,165,1,2020-10-15,2020-10-02,9999-99-99,97,2,56,1,97,2,2,1,2,2,2,2,2,2,2,2,2,2,1,1,3,99,México,97,97
