FECHA_ACTUALIZACION,ID_REGISTRO,ORIGEN,SECTOR,ENTIDAD_UM,SEXO,ENTIDAD_NAC,ENTIDAD_RES,MUNICIPIO_RES,TIPO_PACIENTE,FECHA_INGRESO,FECHA_SINTOMAS,FECHA_DEF,INTUBADO,NEUMONIA,EDAD,NACIONALIDAD,EMBARAZO,HABLA_LENGUA_INDIG,INDIGENA,DIABETES,EPOC,ASMA,INMUSUPR,HIPERTENSION,OTRA_COM,CARDIOVASCULAR,OBESIDAD,RENAL_CRONICA,TABAQUISMO,OTRO_CASO,TOMA_MUESTRA,RESULTADO_LAB,CLASIFICACION_FINAL,MIGRANTE,PAIS_NACIONALIDAD,PAIS_ORIGEN,UCI
2020-11-11,0f687c,1,12,7,1,7,7,115,2,2020-01-20,2020-01-19,9999-99-99,99,99,34,1,1,1,1,2,2,2,2,2,2,2,2,2,2,2,1,4,5,99,México,97,99
2020-11-11,188d17,1,12,7,1,7,7,115,2,2020-05-22,2020-05-22,9999-99-99,2,2,3,1,2,2,2,2,2,2,2,2,2,2,2,2,2,2,1,2,7,99,México,97,2
2020-11-11,0a719a,2,5,7,1,7,7,115,2,2020-05-21,2020-05-21,9999-99-99,2,2,45,1,2,2,2,2,2,2,2,2,2,2,2,2,2,99,1,2,7,99,México,97,2
2020-11-11,12919b,1,12,7,2,7,7,115,1,2020-07-02,2020-06-20,9999-99-99,97,2,57,1,97,2,1,2,2,2,2,2,2,2,1,2,2,2,2,97,6,99,México,97,97
