FECHA_ACTUALIZACION,ID_REGISTRO,ORIGEN,SECTOR,ENTIDAD_UM,SEXO,ENTIDAD_NAC,ENTIDAD_RES,MUNICIPIO_RES,TIPO_PACIENTE,FECHA_INGRESO,FECHA_SINTOMAS,FECHA_DEF,INTUBADO,NEUMONIA,EDAD,NACIONALIDAD,EMBARAZO,HABLA_LENGUA_INDIG,INDIGENA,DIABETES,EPOC,ASMA,INMUSUPR,HIPERTENSION,OTRA_COM,CARDIOVASCULAR,OBESIDAD,RENAL_CRONICA,TABAQUISMO,OTRO_CASO,TOMA_MUESTRA,RESULTADO_LAB,CLASIFICACION_FINAL,MIGRANTE,PAIS_NACIONALIDAD,PAIS_ORIGEN,UCI
2020-11-11,002c1e,1,12,8,2,8,8,66,2,2020-06-24,2020-06-20,9999-99-99,2,1,0,1,97,2,1,2,2,2,2,2,1,2,2,2,2,2,1,2,7,99,México,97,2
2020-11-11,164869,1,12,8,2,8,8,66,2,2020-06-22,2020-06-20,9999-99-99,2,2,19,1,97,1,1,2,2,2,2,2,2,2,2,2,2,1,1,2,7,99,México,97,2
2020-11-11,1833f7,2,5,8,2,8,8,66,2,2020-06-15,2020-06-15,9999-99-99,2,1,74,1,97,2,2,2,2,2,2,2,2,2,2,2,2,99,1,2,7,99,México,97,2
2020-11-11,1073b6,2,5,8,1,8,8,66,1,2020-04-11,2020-04-04,9999-99-99,97,2,88,1,2,1,1,2,2,2,2,2,2,2,2,2,2,99,2,97,6,99,México,97,97
2020-11-11,4121d7,2,12,8,1,8,8,66,1,2020-10-14,2020-10-08,9999-99-99,97,2,43,1,2,2,2,2,2,2,2,2,2,2,2,2,1,1,1,2,7,99,México,97,97
2020-11-11,3284ab,2,5,8,1,26,8,66,1,2020-11-02,2020-10-29,9999-99-99,97,2,39,1,2,2,2,2,2,2,2,2,2,2,1,2,2,2,1,3,6,99,México,97,97
