FECHA_ACTUALIZACION,ID_REGISTRO,ORIGEN,SECTOR,ENTIDAD_UM,SEXO,ENTIDAD_NAC,ENTIDAD_RES,MUNICIPIO_RES,TIPO_PACIENTE,FECHA_INGRESO,FECHA_SINTOMAS,FECHA_DEF,INTUBADO,NEUMONIA,EDAD,NACIONALIDAD,EMBARAZO,HABLA_LENGUA_INDIG,INDIGENA,DIABETES,EPOC,ASMA,INMUSUPR,HIPERTENSION,OTRA_COM,CARDIOVASCULAR,OBESIDAD,RENAL_CRONICA,TABAQUISMO,OTRO_CASO,TOMA_MUESTRA,RESULTADO_LAB,CLASIFICACION_FINAL,MIGRANTE,PAIS_NACIONALIDAD,PAIS_ORIGEN,UCI
2020-11-11,09bd72,1,12,8,2,8,8,49,2,2020-01-20,2020-01-16,9999-99-99,99,99,2,1,97,1,1,2,2,2,2,2,2,2,2,2,2,2,1,2,7,99,México,97,99
2020-11-11,0a0e4f,1,12,8,2,8,8,49,2,2020-01-21,2020-01-16,9999-99-99,99,99,1,1,97,1,1,2,2,2,2,2,2,2,2,2,2,2,1,2,7,99,México,97,99
2020-11-11,3efa9c,2,12,8,2,11,8,49,2,2020-09-20,2020-09-17,9999-99-99,2,1,54,1,97,2,2,2,2,2,2,2,2,2,2,2,2,2,1,1,3,99,México,97,2
2020-11-11,3bf2f8,2,12,8,1,8,8,49,1,2020-10-14,2020-10-10,9999-99-99,97,2,27,1,2,99,99,2,2,2,2,2,2,2,2,2,2,2,1,1,3,99,México,97,97
2020-11-11,22c876,1,12,8,2,8,8,49,1,2020-10-08,2020-10-07,9999-99-99,97,2,25,1,97,2,2,2,2,2,2,2,2,2,2,2,2,99,1,1,3,99,México,97,97
2020-11-11,3d1dea,2,12,8,1,8,8,49,1,2020-10-14,2020-10-10,9999-99-99,97,2,42,1,2,99,99,2,2,2,2,2,2,2,1,2,2,1,1,1,3,99,México,97,97
2020-11-11,41fec2,2,9,8,1,8,8,49,1,2020-10-15,2020-10-08,9999-99-99,97,2,60,1,2,2,2,2,2,2,2,2,2,2,2,2,2,1,1,4,6,99,México,97,97
