FECHA_ACTUALIZACION,ID_REGISTRO,ORIGEN,SECTOR,ENTIDAD_UM,SEXO,ENTIDAD_NAC,ENTIDAD_RES,MUNICIPIO_RES,TIPO_PACIENTE,FECHA_INGRESO,FECHA_SINTOMAS,FECHA_DEF,INTUBADO,NEUMONIA,EDAD,NACIONALIDAD,EMBARAZO,HABLA_LENGUA_INDIG,INDIGENA,DIABETES,EPOC,ASMA,INMUSUPR,HIPERTENSION,OTRA_COM,CARDIOVASCULAR,OBESIDAD,RENAL_CRONICA,TABAQUISMO,OTRO_CASO,TOMA_MUESTRA,RESULTADO_LAB,CLASIFICACION_FINAL,MIGRANTE,PAIS_NACIONALIDAD,PAIS_ORIGEN,UCI
2020-11-11,031d5e,2,4,9,2,99,9,999,1,2020-03-17,2020-03-14,9999-99-99,97,2,34,2,97,2,2,2,2,2,2,2,2,2,2,2,2,99,1,2,7,99,Estados Unidos de América,97,97
2020-11-11,0690d6,2,4,9,1,99,9,999,1,2020-05-14,2020-05-12,9999-99-99,97,2,32,2,2,2,2,2,2,2,2,2,2,2,2,2,1,1,1,1,3,2,Ecuador,97,97
2020-11-11,02bec3,2,4,9,1,12,9,999,1,2020-04-11,2020-04-07,9999-99-99,97,2,39,1,2,2,2,2,2,1,2,2,2,2,2,2,2,1,1,2,7,99,México,97,97
2020-11-11,14acaf,2,4,9,2,20,9,999,2,2020-05-15,2020-05-13,2020-05-16,2,1,40,1,97,2,2,2,2,2,2,1,2,2,1,2,2,99,1,2,7,99,México,97,2
2020-11-11,023f89,2,4,9,1,99,9,999,2,2020-07-04,2020-06-26,2020-07-20,1,1,63,2,2,2,2,1,2,2,2,2,2,2,1,2,2,2,1,4,6,99,Azerbaiyán - Islas Azores,97,1
2020-11-11,219158,1,4,9,1,99,9,999,1,2020-09-14,2020-09-11,9999-99-99,97,2,32,2,2,2,2,2,2,2,2,2,2,2,2,2,2,2,1,1,3,99,Alemania,97,97
2020-11-11,333c70,1,4,9,2,99,9,999,1,2020-09-14,2020-09-11,9999-99-99,97,2,37,2,97,2,2,2,2,2,2,2,2,2,2,2,2,2,1,1,3,99,Alemania,97,97
